group_id,total,ebookers.ie,alialtravelgal.com,houst.com,hirefleet.co.uk,rabbies.com,healthservicediscounts.com,dictionary.cambridge.org,newmarketholidays.co.uk,tripsavvy.com,firstchoice.co.uk,mybudgetbreak.com,mcintoshtours.co.uk,onthebeach.co.uk,uk.hotels.com,laterooms.com,luxurycottages.com,wayfaringkiwi.com,mummytravels.com,tourradar.com,which.co.uk,trackdays.co.uk,thedellofabernethy.co.uk,sykescottages.co.uk,wowcher.co.uk,remitly.com,hostelworld.com,cntraveller.com,campsited.com,happytowander.com,travelodge.co.uk,contiki.com,forestholidays.co.uk,brabazon.co.uk,internationaltraveller.com,booking.com,handluggageonly.co.uk,hendersonstravel.com,bw-philipburnhousehotel.co.uk,onthegotours.com,breakfreeholidays.co.uk,holidaycottages.co.uk,insurancewith.com,wonderdays.co.uk,etabroad.com,cottages-and-castles.co.uk,mumsnet.com,blog.zenhotels.com,greatvaluevacations.com,kovered.co.uk,visitbritain.org,holidayautos.com,dorsetcoastalcottages.com,lonelyplanet.com,etymonline.com,findingtheuniverse.com,nts.org.uk,avila.world,scotland.org,visitbritain.com,st-christophers.co.uk,visitinvernesslochness.com,therarewelshbit.com,roughguides.com,gostandrews.org,lastminute-cottages.co.uk,globelink.co.uk,topcashback.co.uk,vrbo.com,watersideholidaygroup.co.uk,silverkris.singaporeair.com,carmoola.co.uk,boutiquehandbook.com,bookmundi.com,cooptravel.co.uk,rosemount-hotel.co.uk,haven.com,emilycapell.co.uk,moneysavingexpert.com,uncoverbritain.com,sheilaswheels.com,travelgarden.co.uk,bournemouth.co.uk,crerarhotels.com,dictionary.com,cooksonadventures.com,gonorthwales.co.uk,emea.marriott.com,goboony.com,coraclecoaches.co.uk,visityork.org,visitengland.com,directholidayhomes.co.uk,delnyglamping.co.uk,krishtravel.com,lovetravelplanning.com,tessaholly.com,welshgames.co.uk,wilsonmcsheffrey.co.uk,inntravel.co.uk,edinburghcastle.scot,travelinescotland.com,experienceitnowtravel.co.uk,theguardian.com,roadscholar.org,clairesitchyfeet.com,gov.uk,vacationsbyrail.com,wotif.com,independent.co.uk,ulookubook.com,greatdays.co.uk,icelolly.com,tripadvisor.co.uk,cabinzero.com,nationalholidays.com,notintheguidebooks.com,rexby.com,wildernessscotland.com,elegantresorts.co.uk,holidaygems.co.uk,thewisetraveller.com,tripadvisor.com,casheltravel.com,mckinlaykidd.com,goway.com,poferries.com,visittheyorkshiredales.co.uk,holidaysby.design,travellinglark.com,numberonelondon.net,no12hotelandbistro.co.uk,rated-places.com,honeyguide.co.uk,dundee.ac.uk,lovefromscotland.co.uk,adventurouskate.com,visitlincolnshire.com,scottishtourer.co.uk,cottages.com,activeenglandtours.com,clearandfair.co.uk,authenticvacations.com,scotlandswild.com,fortwilliam.co.uk,google.com,undiscoveredscotland.co.uk,burleynewforest.co.uk,uktravelplanning.com,voyage-prive.co.uk,getyourguide.com,havenfamilyholidays.co.uk,nomadicscotland.com,tui.co.uk,goboony.co.uk,big-cottages.com,londonpass.com,facebook.com,travelawaits.com,garringtonscotland.co.uk,howmanyholidays.com,cottagesinnorthumberland.co.uk,sunshine.co.uk,caravanandlodgeholidays.co.uk,en-vols.com,choosewhere.com,nordicvisitor.com,roamingrequired.com,en.wiktionary.org,merriam-webster.com,tastecard.co.uk,dayoutwiththekids.co.uk,oneoffplaces.co.uk,nationalrail.co.uk,thisbristolbrood.com,lovetravellingblog.com,budgetairporttaxis.co.uk,abc-englishlevels.com,britishairways.com,coolstays.com,almusafirtravel.co.uk,tours4fun.com,interskiholidays.co.uk,holidaypirates.com,parentfriendlystays.co.uk,skills.co.uk,watchmesee.com,cozycozy.com,onthebeach.ie,intrepidusoutdoors.co.uk,shop.nts.org.uk,visitpeakdistrict.com,campingandcaravanningclub.co.uk,all.accor.com,cheapdealsaway.com,viator.com,getthegoss.co.uk,ldoceonline.com,wandersomewhere.com,ratedconversions.co.uk,chevening.org,checkinaway.com,visit-dorset.com,travelcounsellors.co.uk,golfbreaks.com,visitscotland.com,wowscotlandtours.com,saily.com,thetimes.com,airbnb.co.uk,fooddrinkdestinations.com,frasershospitality.com,getsafeonline.org,great-days-out.co.uk,celebritycruises.com,caravanclub.co.uk,thechequersbath.com,ruralretreats.co.uk,londonperfect.com,calloftheworld.com,aladyinlondon.com,travellemming.com,woodleisure.co.uk,discoverscotland.net,weareglobaltravellers.com,enchantingworldstravel.co.uk,secretescapes.com,backroads.com,mynextflight.com,telegraph.co.uk,yourscotlandguide.co.uk,justpark.com,travel-a-broads.com,uklodgebreaks.com,premierinn.com,anywhereweroam.com,sofiaairport.bg,greatlittlebreaks.com,worldtraveltoucan.com,informi.co.uk,awayresorts.co.uk,reddit.com,wingbeatescapes.com,scotlandescape.com,x.com,groupescapehouses.co.uk,instagram.com,macsadventure.com,sableinternational.com,kayak.co.uk,lightfoottravel.com,kiltmankilts.com,hotelgift.com,erringtonfamilyadventures.com,johansens.com,enjoytravel.com,marriedinscotland.com,mobiles.co.uk,lodgeswithhottubs.org.uk,travelsupermarket.com,en.uhomes.com,easyjet.com,nationalgeographic.com,luxurystudenthomes.co.uk,countrycottagesonline.com,goodjourney.org.uk,flightright.com,responsibletravel.com,wildernessengland.com,activitysuperstore.com,judgeslodgingyork.co.uk,expedia.co.uk,diywithjoy.com,englishuk.com,thisisdurham.com,parkdeanresorts.co.uk,invernesspalacehotel.co.uk,chimptrips.com,rtwin30days.com,insure2drive.co.uk,lodgeholidays.com,ukguarantor.com,budgetdirect.com.au,londonadventures.co.uk,quora.com,affordabletours.com,beautifulworld.com,scottishtours.co.uk,discoverbritain.com,wanderlustcrew.com,secludedsecrets.com,hoseasons.co.uk,whichcottage.com,staysyork.com,my.notjusttravel.co.uk,boutique-retreats.co.uk,postoffice.co.uk,bookretreats.com,nethermilllodges.com,sixt.co.uk,thequeensberry.co.uk,oxfordonlineenglish.com,myhotelbreak.com,loveholidays.com,slaterhogg.co.uk,featherdown.co.uk,coastradar.com,haystravel.co.uk,theunionmmu.org,ourtraveltreats.de,giftsonline4u.com,lastminute.com,nationaltrust.org.uk,holidaycottage.com,scotland-holiday-cottage.com,beachlets.co.uk,hometogo.com,hometogo.co.uk,absoluteescapes.com,woodenstarcottages.co.uk,eventsofthenorth.com,hotels.com,cornwallbeachguide.co.uk,avantiwestcoast.co.uk,coolplaces.co.uk,eurail.com,brakescoppicepark.co.uk,independenttravelcats.com,youtube.com,klook.com,tripadvisor.ie,ukcaravans4hire.com,google.com.bz,trivago.co.uk,highlandexperience.com,trainsplit.com,yourcamper.co.uk,snaptrip.com,collinsdictionary.com,ethicalconsumer.org,visitlondon.com,wayfairertravel.com,travelsos.co.uk
all_prompts,969,1,1,1,1,6,1,6,1,1,3,2,1,28,1,1,6,2,1,6,1,1,1,12,5,1,2,1,1,1,2,1,1,2,1,12,1,1,1,1,1,13,2,2,1,12,6,1,1,1,2,2,1,3,1,1,16,2,1,5,2,1,1,2,1,3,2,1,8,1,1,1,1,2,6,1,2,1,5,1,1,1,1,1,1,1,1,1,1,1,1,4,1,1,1,1,2,1,1,1,1,1,1,4,1,1,1,1,1,1,2,1,8,17,1,1,2,1,1,1,5,1,2,1,1,4,1,1,3,1,1,1,1,1,1,13,2,1,1,8,1,1,1,4,1,3,3,1,1,3,1,1,1,8,1,1,1,37,1,1,1,2,2,1,1,1,4,1,1,2,1,3,4,2,1,1,1,1,9,1,1,2,1,4,1,1,8,1,1,1,1,2,1,1,1,2,1,1,1,1,1,1,1,1,1,57,2,1,6,2,1,1,1,1,1,1,1,1,1,1,4,1,3,1,9,1,5,1,1,2,3,1,1,1,2,1,1,6,1,1,7,28,1,1,1,1,25,2,1,5,1,1,1,1,1,3,1,1,1,10,1,6,1,1,1,1,1,7,1,1,1,23,1,1,1,10,1,2,1,1,2,1,1,1,1,1,1,1,2,1,1,8,1,1,1,1,6,1,1,1,1,1,2,13,1,1,2,14,1,1,1,21,27,1,1,1,1,4,3,1,1,1,1,1,11,1,1,4,11,1,1,2,1,1,1,1,1,3,1,1,1,1,1
what_style_prompts,503,0,0,0,1,6,0,2,1,1,0,0,1,11,1,1,6,1,0,1,0,0,1,4,1,0,1,1,0,0,2,0,1,2,1,5,1,0,0,1,0,11,2,1,0,10,6,1,0,1,1,2,0,2,0,1,0,0,0,4,2,0,0,0,0,1,2,0,3,1,1,1,1,2,0,1,1,0,3,1,1,0,1,0,0,0,1,1,1,1,1,4,0,1,1,0,2,1,1,1,0,0,0,4,0,0,0,1,0,0,1,1,1,10,1,1,2,0,0,0,0,0,2,0,0,3,0,0,0,0,0,1,1,0,1,11,0,1,1,5,0,1,0,2,0,3,1,0,0,1,1,1,0,0,1,1,0,16,1,1,0,2,0,0,1,1,0,1,0,1,1,2,3,2,1,1,0,1,0,1,0,0,0,3,1,1,8,0,1,0,0,1,1,1,0,0,1,0,1,1,0,0,0,0,1,33,1,0,5,2,0,0,0,1,0,1,1,1,1,0,4,1,0,0,9,0,5,1,0,1,0,1,0,0,2,1,0,5,0,0,4,9,1,0,0,1,24,2,0,1,1,0,1,0,1,3,0,0,0,0,1,4,0,1,0,0,0,6,1,1,0,3,0,1,1,4,1,1,1,0,2,0,0,0,1,0,1,1,2,0,0,3,1,0,0,1,0,1,1,1,1,1,2,7,1,1,1,3,1,1,1,16,21,1,0,0,0,2,2,0,1,1,0,0,10,1,1,3,1,0,1,1,0,1,0,0,1,1,0,1,1,0,0
how_style_prompts,466,1,1,1,0,0,1,4,0,0,3,2,0,17,0,0,0,1,1,5,1,1,0,8,4,1,1,0,1,1,0,1,0,0,0,7,0,1,1,0,1,2,0,1,1,2,0,0,1,0,1,0,1,1,1,0,16,2,1,1,0,1,1,2,1,2,0,1,5,0,0,0,0,0,6,0,1,1,2,0,0,1,0,1,1,1,0,0,0,0,0,0,1,0,0,1,0,0,0,0,1,1,1,0,1,1,1,0,1,1,1,0,7,7,0,0,0,1,1,1,5,1,0,1,1,1,1,1,3,1,1,0,0,1,0,2,2,0,0,3,1,0,1,2,1,0,2,1,1,2,0,0,1,8,0,0,1,21,0,0,1,0,2,1,0,0,4,0,1,1,0,1,1,0,0,0,1,0,9,0,1,2,1,1,0,0,0,1,0,1,1,1,0,0,1,2,0,1,0,0,1,1,1,1,0,24,1,1,1,0,1,1,1,0,1,0,0,0,0,1,0,0,3,1,0,1,0,0,1,1,3,0,1,1,0,0,1,1,1,1,3,19,0,1,1,0,1,0,1,4,0,1,0,1,0,0,1,1,1,10,0,2,1,0,1,1,1,1,0,0,1,20,1,0,0,6,0,1,0,1,0,1,1,1,0,1,0,0,0,1,1,5,0,1,1,0,6,0,0,0,0,0,0,6,0,0,1,11,0,0,0,5,6,0,1,1,1,2,1,1,0,0,1,1,1,0,0,1,10,1,0,1,1,0,1,1,0,2,1,0,0,1,1
with_context_prompts,532,1,1,1,0,6,0,0,1,1,0,2,1,27,1,1,3,2,1,1,0,1,1,12,3,1,1,1,1,1,1,1,0,1,0,7,1,0,1,1,1,2,1,2,1,9,0,1,1,0,1,2,1,1,0,0,7,2,0,4,1,1,0,2,1,2,0,0,3,0,0,1,1,0,3,1,1,1,4,0,0,1,0,0,0,0,1,0,1,0,0,1,0,0,1,1,2,0,1,0,0,1,1,0,0,1,1,0,0,1,1,0,3,10,0,0,0,1,0,1,5,1,0,0,0,3,1,1,2,0,0,1,1,0,0,3,1,0,1,2,1,1,0,4,1,3,2,1,1,2,0,0,1,1,0,1,0,34,0,1,1,1,2,0,0,0,0,1,0,0,1,1,1,1,0,1,0,0,4,0,0,2,1,2,0,1,8,1,1,0,0,2,0,0,0,0,1,0,0,0,1,1,1,0,0,31,1,1,2,1,0,1,0,1,0,0,1,0,1,0,3,0,0,1,1,1,2,0,1,2,3,1,1,1,2,1,0,5,1,0,4,27,0,0,0,0,14,0,1,1,0,1,1,1,0,0,0,1,0,0,1,5,0,1,1,0,0,1,0,0,1,16,1,0,0,0,0,1,0,1,1,0,1,1,0,1,0,0,1,0,0,2,1,1,1,0,6,1,1,1,1,0,2,6,1,0,1,8,1,0,0,11,10,0,1,1,1,2,3,1,1,1,1,1,5,1,1,3,7,1,0,1,1,1,1,0,0,3,0,1,0,1,1
without_context_prompts,437,0,0,0,1,0,1,6,0,0,3,0,0,1,0,0,3,0,0,5,1,0,0,0,2,0,1,0,0,0,1,0,1,1,1,5,0,1,0,0,0,11,1,0,0,3,6,0,0,1,1,0,0,2,1,1,9,0,1,1,1,0,1,0,0,1,2,1,5,1,1,0,0,2,3,0,1,0,1,1,1,0,1,1,1,1,0,1,0,1,1,3,1,1,0,0,0,1,0,1,1,0,0,4,1,0,0,1,1,0,1,1,5,7,1,1,2,0,1,0,0,0,2,1,1,1,0,0,1,1,1,0,0,1,1,10,1,1,0,6,0,0,1,0,0,0,1,0,0,1,1,1,0,7,1,0,1,3,1,0,0,1,0,1,1,1,4,0,1,2,0,2,3,1,1,0,1,1,5,1,1,0,0,2,1,0,0,0,0,1,1,0,1,1,1,2,0,1,1,1,0,0,0,1,1,26,1,0,4,1,1,0,1,0,1,1,0,1,0,1,1,1,3,0,8,0,3,1,0,0,0,0,0,0,0,0,1,1,0,1,3,1,1,1,1,1,11,2,0,4,1,0,0,0,1,3,1,0,1,10,0,1,1,0,0,1,1,6,1,1,0,7,0,1,1,10,1,1,1,0,1,1,0,0,1,0,1,1,1,1,1,6,0,0,0,1,0,0,0,0,0,1,0,7,0,1,1,6,0,1,1,10,17,1,0,0,0,2,0,0,0,0,0,0,6,0,0,1,4,0,1,1,0,0,0,1,1,0,1,0,1,0,0
about_scotland,349,1,0,0,0,6,0,6,0,0,0,0,1,6,0,0,1,2,0,5,0,0,1,0,1,1,2,0,1,0,0,0,0,0,0,3,0,0,0,1,0,5,0,1,0,11,0,0,0,0,0,0,0,1,1,0,16,0,1,0,0,1,0,2,1,0,0,0,1,0,0,1,1,0,0,1,1,0,0,1,0,0,0,1,1,1,0,1,0,0,0,0,0,0,0,1,0,0,1,0,1,1,0,4,0,0,0,1,0,0,0,0,1,1,0,0,0,1,1,0,0,0,0,1,1,1,0,0,0,0,0,0,0,0,1,13,1,0,1,5,0,0,1,4,1,0,3,0,0,1,0,0,1,0,0,1,0,30,0,1,0,0,0,0,0,0,3,1,1,2,0,0,0,0,0,0,1,1,8,0,0,0,1,0,0,0,8,0,1,1,1,0,0,0,0,1,0,1,1,0,1,1,0,0,0,53,0,0,1,0,1,1,0,0,1,0,0,0,0,0,1,1,3,1,3,0,0,0,0,0,3,0,1,0,0,0,0,1,0,0,0,2,1,1,1,0,1,0,0,0,1,1,0,1,0,0,1,0,0,0,1,5,1,0,0,1,1,7,0,0,0,8,0,0,0,0,0,0,0,0,0,0,0,0,1,0,0,1,0,1,1,0,1,0,0,1,0,0,1,0,0,1,1,4,1,0,0,0,0,0,0,6,0,0,1,0,0,2,3,0,0,1,0,0,5,0,0,1,5,0,0,1,0,0,1,0,0,1,1,0,0,0,0
about_england,362,0,0,1,1,0,0,0,1,0,0,1,0,6,0,0,5,0,0,1,0,1,0,11,2,0,0,0,0,1,2,1,0,0,1,3,1,0,1,0,1,8,2,1,1,0,6,1,1,1,2,0,1,2,0,1,0,2,0,4,2,0,1,0,0,0,2,0,5,1,0,0,0,2,1,0,1,1,4,0,1,1,1,0,0,0,0,0,0,1,0,3,0,0,1,0,2,0,0,1,0,0,1,0,1,1,1,0,0,1,1,1,1,6,1,1,2,0,0,1,3,0,0,0,0,2,1,0,0,0,1,0,1,1,0,0,1,0,0,3,1,1,0,0,0,1,0,1,0,1,0,0,0,4,0,0,1,3,0,0,0,2,0,1,0,0,1,0,0,0,1,1,4,2,0,0,0,0,1,1,0,2,0,3,0,0,0,0,0,0,0,0,1,0,0,1,0,0,0,0,0,0,1,0,1,1,0,1,4,0,0,0,0,1,0,1,0,1,1,1,1,0,0,0,6,1,3,1,0,2,0,1,0,1,1,1,1,4,1,1,6,11,0,0,0,1,20,1,1,1,0,0,1,0,0,3,0,0,0,7,0,1,0,0,1,0,0,0,0,1,0,3,0,1,0,2,0,2,0,1,0,1,1,1,0,1,1,0,1,0,0,3,0,0,0,0,6,0,0,0,0,0,0,8,0,1,2,4,0,0,1,11,23,1,0,1,0,0,0,0,0,0,1,0,3,1,1,2,6,1,0,0,0,0,0,1,0,2,0,1,1,1,1
about_local,258,0,1,0,0,0,1,0,0,1,3,1,0,16,1,1,0,0,1,0,1,0,0,1,2,0,0,1,0,0,0,0,1,2,0,6,0,1,0,0,0,0,0,0,0,1,0,0,0,0,0,2,0,0,0,0,0,0,0,1,0,0,0,0,0,3,0,1,2,0,1,0,0,0,5,0,0,0,1,0,0,0,0,0,0,0,1,0,1,0,1,1,1,1,0,0,0,1,0,0,0,0,0,0,0,0,0,0,1,0,1,0,6,10,0,0,0,0,0,0,2,1,2,0,0,1,0,1,3,1,0,1,0,0,0,0,0,1,0,0,0,0,0,0,0,2,0,0,1,1,1,1,0,4,1,0,0,4,1,0,1,0,2,0,1,1,0,0,0,0,0,2,0,0,1,1,0,0,0,0,1,0,0,1,1,1,0,1,0,0,0,2,0,1,1,0,1,0,0,1,0,0,0,1,0,3,2,0,1,2,0,0,1,0,0,0,1,0,0,0,2,0,0,0,0,0,2,0,1,0,0,0,0,0,1,0,0,1,0,0,1,15,0,0,0,0,4,1,0,4,0,0,0,0,1,0,0,1,1,3,0,0,0,1,0,0,0,0,1,0,1,12,1,0,1,8,1,0,1,0,2,0,0,0,0,0,0,0,1,0,0,5,0,1,1,0,0,1,0,1,1,0,1,1,0,0,0,10,1,1,0,4,4,0,0,0,1,2,0,1,1,0,0,1,3,0,0,1,0,0,1,1,1,1,0,0,1,0,0,0,0,0,0
from_bristol,94,0,0,0,0,1,0,0,1,0,0,0,0,4,0,0,1,0,0,0,0,0,1,2,1,0,0,0,0,0,0,0,1,2,0,0,0,0,0,0,0,1,0,0,0,0,0,0,0,0,0,0,0,0,0,0,2,0,0,0,1,1,0,0,0,2,1,0,0,0,0,0,0,1,1,0,0,1,0,0,0,0,0,0,0,0,0,0,0,0,0,0,0,0,0,0,1,1,1,1,0,0,0,0,0,0,1,0,0,0,0,0,0,2,0,0,0,0,0,0,1,0,0,0,0,1,0,0,0,0,0,0,1,0,0,3,0,0,0,0,0,0,0,0,0,0,1,0,0,2,0,0,0,0,0,0,0,2,0,0,0,0,0,0,0,0,0,0,0,0,1,2,0,0,1,0,1,0,1,1,0,0,0,1,0,0,1,0,1,0,0,0,0,0,0,0,0,0,0,0,0,0,0,0,1,4,0,1,0,0,0,1,0,0,0,0,0,0,0,0,0,0,0,0,2,0,0,0,0,0,0,0,0,0,0,0,0,0,0,0,3,4,0,0,0,0,1,0,0,0,0,0,0,0,1,0,0,0,0,1,0,0,0,0,0,0,0,1,0,0,0,5,0,0,0,1,0,0,0,0,0,0,0,0,0,0,0,0,0,0,0,1,0,0,0,0,1,1,0,0,1,0,0,1,0,0,1,0,0,0,0,2,3,1,0,0,0,0,0,0,0,0,0,0,2,0,0,0,0,0,0,0,0,0,0,0,0,0,0,1,0,0,0
from_cleethropes,105,0,0,0,0,2,0,0,0,0,1,0,0,2,0,0,0,0,0,0,0,0,0,2,0,0,1,0,0,0,0,0,0,0,0,3,0,0,0,0,0,2,0,0,0,1,1,0,1,0,1,0,1,0,0,0,0,1,0,0,0,0,0,0,0,0,0,0,2,1,0,0,0,1,0,0,0,0,2,0,0,0,0,0,0,0,0,0,0,0,0,0,0,0,0,0,1,0,0,0,0,0,0,1,1,0,0,0,0,0,0,0,1,3,0,1,1,0,0,0,0,0,0,0,1,0,1,0,3,0,0,0,0,0,0,2,1,1,0,1,0,1,0,1,0,0,0,1,0,0,0,1,0,1,0,0,0,1,0,1,0,1,0,0,0,0,1,0,0,0,0,0,2,0,0,0,0,0,1,0,0,1,0,0,0,0,1,1,0,0,0,0,0,0,0,0,0,0,0,0,0,0,0,0,0,5,0,0,1,1,0,0,0,0,0,1,0,0,0,0,0,0,1,0,0,0,0,0,0,0,0,0,0,1,0,0,0,0,1,0,2,3,0,0,0,0,3,0,0,1,0,0,0,0,0,1,0,0,0,1,0,0,0,0,0,0,0,0,0,0,0,3,0,0,0,2,0,1,0,0,1,0,0,0,0,0,0,0,1,0,1,0,0,0,1,0,1,0,0,0,0,0,1,1,0,0,0,3,0,0,0,1,3,0,0,0,0,0,0,0,0,0,0,0,0,0,0,0,0,0,0,1,1,0,0,0,0,1,0,0,0,0,1
from_edinburgh,113,0,0,0,1,1,0,2,0,0,0,1,0,1,1,1,0,0,0,0,0,0,0,0,0,0,1,0,0,0,0,1,0,0,0,3,0,1,0,0,0,0,1,0,0,3,0,0,0,0,0,0,0,0,0,0,1,0,0,0,0,0,1,2,0,0,1,0,2,0,0,0,0,0,2,1,0,0,0,0,0,1,1,0,0,0,0,0,0,0,0,0,0,0,0,0,0,0,0,0,1,1,0,0,0,0,0,0,0,0,0,0,0,2,0,0,0,1,0,0,1,0,1,0,0,1,0,0,0,0,0,1,0,0,0,0,0,0,0,0,0,0,0,0,0,2,0,0,0,0,1,0,1,0,1,0,0,4,0,0,0,0,0,0,1,0,0,1,0,1,0,0,0,1,0,0,0,1,2,0,0,0,0,1,0,0,1,0,0,0,0,0,1,1,0,1,0,0,0,0,0,0,0,1,0,6,0,0,0,0,0,0,0,0,0,0,0,0,0,0,0,0,1,1,0,0,1,1,0,0,1,0,0,0,0,0,1,0,0,0,1,2,0,0,0,0,2,0,1,0,0,0,1,0,0,1,0,0,0,3,1,1,0,0,0,0,0,0,0,0,0,6,0,1,0,0,0,0,1,1,0,1,0,0,1,1,0,0,1,0,0,0,1,0,0,0,0,0,0,0,0,1,0,3,0,0,0,0,0,1,0,1,3,0,0,0,0,1,0,0,0,0,0,0,0,0,0,0,2,0,0,0,0,1,0,0,0,0,0,0,0,0,0
from_glasgow,112,0,0,0,0,0,0,0,0,0,0,0,1,4,0,0,2,0,0,1,0,0,0,1,0,1,0,0,0,1,0,0,0,0,0,0,0,0,0,0,0,2,1,0,0,1,1,0,0,0,0,0,0,1,0,0,0,0,0,1,0,0,0,0,1,0,0,0,0,0,0,1,0,0,0,0,1,0,0,0,1,0,0,0,0,0,0,0,1,1,0,0,1,0,0,0,0,0,0,0,0,0,0,1,0,0,0,0,0,1,1,1,1,1,0,0,0,0,0,0,2,0,0,0,0,1,0,0,0,0,1,0,0,0,0,2,0,0,0,1,0,0,0,3,0,0,1,0,0,0,0,0,0,0,0,0,0,10,1,0,0,1,1,0,0,0,0,0,0,0,0,0,0,1,0,0,0,0,0,0,1,0,1,0,0,0,2,0,0,0,0,0,0,0,0,0,0,0,0,0,0,0,0,0,0,9,0,0,0,0,0,0,1,0,0,0,0,0,0,0,0,0,0,0,1,0,0,0,0,0,0,1,1,0,0,0,0,1,0,1,1,2,0,0,0,0,4,1,0,1,0,0,0,0,0,1,0,0,0,1,0,0,0,0,0,0,0,1,0,0,0,0,0,0,0,2,0,0,0,0,1,0,0,0,0,0,0,0,0,0,0,1,0,0,0,0,1,0,1,0,0,0,0,1,1,1,0,1,0,0,1,3,4,0,0,0,0,0,2,0,0,0,0,0,2,0,1,1,0,0,0,0,0,0,0,0,1,0,0,0,0,0,0
from_inverness,100,0,1,0,0,0,0,0,0,0,0,0,0,1,0,0,2,0,0,2,0,0,0,0,1,0,0,0,0,0,0,0,0,0,0,2,1,0,0,0,0,1,0,0,0,1,0,1,0,0,0,0,0,1,0,0,3,0,0,0,0,0,0,0,0,0,0,1,2,0,0,0,0,0,0,0,0,0,1,1,0,0,0,0,0,1,0,1,0,0,0,0,0,1,0,0,0,0,0,0,0,0,0,1,0,0,0,1,0,0,0,0,3,1,0,0,0,0,0,0,0,0,0,0,0,0,0,0,0,0,0,0,0,1,1,0,1,0,0,3,0,0,0,0,0,1,0,0,1,0,0,0,0,0,0,0,1,3,0,0,0,0,0,0,0,0,0,0,0,0,0,0,1,0,0,0,0,0,3,0,0,0,0,0,0,0,1,0,0,0,0,0,0,0,0,0,0,0,1,0,0,0,0,0,0,7,2,0,1,0,0,0,0,1,0,0,0,0,0,1,0,0,0,0,2,0,1,0,0,0,1,0,0,0,0,1,0,0,0,0,0,4,0,0,0,0,1,0,0,0,1,0,0,0,0,0,0,0,0,1,0,2,1,0,0,0,0,0,0,0,0,2,0,0,0,1,1,0,0,0,0,0,0,0,0,0,0,1,0,1,0,0,0,0,0,0,0,0,0,1,0,0,0,3,0,0,1,1,0,0,0,3,3,0,1,0,0,1,0,0,0,0,0,0,1,1,0,0,0,0,0,1,0,0,0,1,0,0,0,0,0,0,0
from_london,94,0,0,0,0,0,1,0,0,0,0,0,0,4,0,0,0,0,1,2,0,0,0,3,1,0,0,1,0,0,2,0,0,0,0,0,0,0,0,0,0,1,0,0,1,1,1,0,0,0,0,0,0,0,0,0,1,0,1,3,0,0,0,0,0,0,0,0,2,0,1,0,0,0,0,0,0,0,0,0,0,0,0,1,0,0,0,0,0,0,0,1,0,0,0,0,0,0,0,0,0,0,0,0,0,0,0,0,0,0,0,0,1,1,1,0,0,0,0,0,0,1,0,0,0,1,0,0,0,0,0,0,0,0,0,0,0,0,1,1,0,0,0,0,0,0,0,0,0,1,0,0,0,0,0,0,0,4,0,0,0,0,0,0,0,0,2,0,0,0,0,0,0,0,0,0,0,0,1,0,0,0,0,1,0,0,0,0,0,0,0,0,0,0,0,1,0,0,0,0,0,0,0,0,0,6,0,0,2,0,0,0,0,0,1,0,0,1,1,0,2,0,0,0,1,0,2,0,1,1,0,0,0,0,0,0,0,1,0,0,0,3,0,0,0,1,4,0,0,0,0,0,0,0,0,0,1,0,0,1,0,1,0,0,0,0,0,1,0,0,0,1,1,0,0,0,0,0,0,0,0,0,0,0,0,0,1,0,0,0,0,0,0,0,0,0,1,0,0,0,0,0,0,1,0,0,0,2,0,0,0,1,1,0,0,0,0,0,0,0,0,1,0,1,2,0,0,0,2,0,0,0,0,0,0,0,0,1,0,0,1,0,0
from_manchester,121,0,0,0,0,1,0,0,0,1,1,0,0,4,0,0,0,1,0,1,0,0,0,1,0,0,0,0,0,0,0,0,0,0,0,1,0,0,0,0,0,1,0,0,0,2,1,0,0,1,1,1,0,0,0,0,4,1,0,0,1,0,0,0,0,1,0,0,0,0,0,0,1,0,0,0,0,0,1,0,0,0,0,0,0,0,1,0,0,0,0,1,0,0,1,0,0,0,0,0,0,0,0,0,0,1,0,0,0,0,0,0,1,4,0,0,1,0,1,0,0,0,1,1,0,0,0,0,0,0,0,0,0,0,0,1,0,0,0,0,1,0,1,0,0,0,0,0,0,0,0,0,0,3,0,0,0,5,0,0,0,0,1,1,0,0,0,0,0,0,0,1,0,0,0,0,0,0,0,0,0,0,0,0,1,0,1,0,0,1,0,2,0,0,1,0,0,0,0,0,0,0,1,0,0,7,0,0,1,0,1,0,0,0,0,0,0,0,0,0,1,1,1,0,1,0,1,0,0,1,0,0,0,0,1,0,0,2,0,0,0,4,1,0,0,0,3,0,0,0,0,0,0,0,0,0,0,0,0,1,0,1,0,1,0,1,1,1,0,1,0,1,0,0,0,1,0,1,0,0,0,0,1,1,0,0,0,0,0,0,0,3,0,0,0,1,1,0,0,0,0,0,0,1,0,0,0,1,1,0,0,3,4,0,0,0,0,1,0,0,0,0,0,0,3,0,0,1,2,0,0,0,0,0,0,0,0,0,0,0,0,0,0
from_newcastle,123,1,0,1,0,1,0,0,0,0,1,1,0,5,0,0,0,1,0,0,1,0,0,2,1,0,0,0,0,0,0,0,0,0,1,2,0,0,0,0,0,3,0,0,0,3,1,0,0,0,0,1,0,0,0,1,3,0,0,0,0,0,0,0,0,0,0,0,0,0,0,0,0,0,1,0,0,0,1,0,0,0,0,0,0,0,0,0,0,0,0,2,0,0,0,0,0,0,0,0,0,0,0,0,0,0,0,0,0,0,1,0,0,2,0,0,0,0,0,0,1,0,0,0,0,0,0,0,0,0,0,0,0,0,0,2,0,0,0,1,0,0,0,0,1,0,1,0,0,0,0,0,0,4,0,0,0,4,0,0,0,0,0,0,0,0,1,0,0,0,0,0,0,0,0,1,0,0,1,0,0,1,0,1,0,0,1,0,0,0,1,0,0,0,0,0,1,0,0,1,1,0,0,0,0,8,0,0,0,0,0,0,0,0,0,0,1,0,0,0,1,0,0,0,1,0,0,0,0,0,1,0,0,0,0,0,0,1,0,0,0,4,0,1,1,0,5,1,0,2,0,1,0,1,0,0,0,0,1,1,0,1,0,0,0,0,0,1,0,0,0,3,0,0,1,3,0,0,0,0,0,0,0,0,0,0,0,0,0,0,0,1,0,0,0,0,1,0,0,0,0,0,0,1,0,0,0,4,0,0,0,4,3,0,0,1,0,0,0,1,0,0,1,0,1,0,0,0,2,1,0,0,0,0,0,0,0,0,0,0,0,1,0
from_york,107,0,0,0,0,0,0,4,0,0,0,0,0,3,0,0,1,0,0,0,0,1,0,1,1,0,0,0,1,0,0,0,0,0,0,1,0,0,1,1,1,2,0,2,0,0,1,0,0,0,0,0,0,1,1,0,2,0,0,1,0,0,0,0,0,0,0,0,0,0,0,0,0,0,2,0,1,0,0,0,0,0,0,0,1,0,0,0,0,0,1,0,0,0,0,1,0,0,0,0,0,0,1,1,0,0,0,0,1,0,0,0,1,1,0,0,0,0,0,1,0,0,0,0,0,0,0,1,0,1,0,0,0,0,0,3,0,0,0,1,0,0,0,0,0,0,0,0,0,0,0,0,0,0,0,1,0,4,0,0,1,0,0,0,0,1,0,0,1,1,0,0,1,0,0,0,0,0,0,0,0,0,0,0,0,1,0,0,0,0,0,0,0,0,0,0,0,1,0,0,0,1,0,0,0,5,0,0,1,1,0,0,0,0,0,0,0,0,0,0,0,0,0,0,1,1,0,0,0,0,0,0,0,0,1,0,0,1,0,0,0,2,0,0,0,0,2,0,0,1,0,0,0,0,0,0,0,1,0,0,0,0,0,0,1,0,0,2,1,0,1,2,0,0,0,0,0,0,0,0,0,0,0,0,0,0,0,0,0,0,0,2,0,1,0,0,0,0,0,0,0,0,1,1,0,0,0,2,0,0,0,3,3,0,0,0,1,1,1,0,1,0,0,0,0,0,0,2,3,0,1,0,0,0,1,0,0,1,1,0,0,0,0
